Category,Description
Food,Going without food for an extended period need nourishment urgently.
Food,Starving and seeking food assistance.
Food,Hungry and without any means to eat need food urgently.
Food,Need food to curb hunger and regain strength.
Food,Going through a tough time and haven't eaten need food support.
Food,Haven't had a meal today looking for food assistance.
Food,Urgently need a meal as I haven't eaten all day.
Food,No access to food urgently seeking assistance.
Food,Need food to alleviate hunger pangs.
Food,Running out of groceries need essential food items.
Food,Haven't eaten in a day urgently seeking food support.
Food,In need of food assistance to feed my family.
Food,Running low on food supplies need help to replenish.
Food,Desperately hungry and without any means to eat.
Food,Looking for a meal to curb hunger and regain strength.
Food,Urgently need a warm meal as I haven't eaten all day.
Food,No access to food urgently seeking food assistance.
Food,Need food to alleviate persistent hunger pangs.
Food,Running out of essential groceries like rice and bread.
Food,Desperately hungry and in need of a warm meal.
Food,Looking for food donations to support a local charity.
Food,Running low on baby formula need it for my infant.
Food,In need of fresh fruits and vegetables for a balanced diet.
Food,Seeking assistance to buy groceries for my family.
Food,Require food vouchers to purchase groceries.
Food,Out of pet food need to feed my pets.
Food,Looking for a food bank to access free food supplies.
Food,It's your responsibility to ensure I have essential food items.
Food,Must give food assistance I've been without food for days.
Food,This is important Hungry and in need of food urgently.
Food,Necessary Need food to curb hunger and regain strength.
Food,Urgent Haven't eaten for days must provide food support.
Food,Immediate assistance required Haven't had a meal today need food.
Food,Can't go on without food Must provide a warm meal urgently.
Food,Life at stake No access to food urgently seeking assistance.
Food,Life-saving Must provide food to alleviate severe hunger pangs.
Food,The government has to provide essential food items.
Food,I have given you my vote to help now I need food assistance urgently.
Food,It's a big necessity Must give food urgently I've been without food for days.
Food,Please provide food otherwise I can die from severe hunger.
Food,Can't wait any longer Running out of groceries must provide nourishment.
Food,Urgent request Hungry and in need of food support.
Food,Immediate need Must provide a warm meal I haven't eaten for days.
Food,Necessary for survival No access to food please provide assistance.
Food,Life at stake Must provide food to alleviate severe hunger pangs urgently.
Food,The government is responsible for delivering essential food items to flood-affected communities.
Food,I've exercised my right to vote for help now I need food assistance urgently for flood victims.
Food,Top priority Must provide food urgently flood victims have been without food for days.
Food,Please act promptly the lives of flood victims are in jeopardy without food support.
Food,Depleted groceries during the flood crisis must provide nourishment immediately.
Food,Urgent plea Hungry flood victims desperately need food support.
Food,Critical situation Must provide a warm meal flood victims haven't eaten for days.
Food,Immediate action needed No access to food please provide assistance to flood survivors.
Food,Life-saving aid Must provide food to alleviate severe hunger pangs during the flood.
Food,My family is affected by hail storms and we need food support urgently.
Food,We are experiencing a drought and food assistance is crucial right now.
Food,The hail storm has disrupted our food supply we need nourishment urgently.
Food,Droughts have left us without food we need food support immediately.
Food,The heat wave has depleted our food stock we need nourishment urgently.
Food,Hurricanes have disrupted our food supply we need nourishment urgently.
Food,Cloudbursts have disrupted our food supply we need nourishment urgently.
Food,Droughts have left us without food we need food support immediately.
Food,The heat wave has depleted our food stock we need nourishment urgently.
Food,Cloudbursts have disrupted our food supply we need nourishment urgently.
Food,Droughts have left us without food we need food support immediately.
Food,The heat wave has depleted our food stock we need nourishment urgently.
Food,Hail storms have disrupted our food supply we need nourishment urgently.
Food,Droughts have left us without food we need food support immediately.
Food,The heat wave has depleted our food stock we need nourishment urgently.
Food,Cloudbursts have disrupted our food supply we need nourishment urgently.
Medical,Urgently seeking medication for a severe headache.
Medical,Running out of my prescription medication need a refill urgently.
Medical,Need pain relief medication immediately due to a recent injury.
Medical,Looking for antibiotics to treat a severe infection.
Medical,Urgently require insulin for diabetes management.
Medical,Seeking allergy medication for a sudden allergic reaction.
Medical,Need antipyretics for high fever.
Medical,Running low on heart medication need a refill urgently.
Medical,Require medication for asthma attack.
Medical,Seeking over-the-counter cough syrup for persistent cough.
Medical,In need of painkillers for severe back pain.
Medical,Running low on my prescription medication for hypertension.
Medical,Require antibiotics to treat a persistent infection.
Medical,Seeking medical supplies for wound care.
Medical,Looking for insulin as my supply is running out.
Medical,Urgently need allergy medication for a severe reaction.
Medical,Out of antipyretics need to bring down my fever.
Medical,Require heart medication refill it's running out.
Medical,Need medication to manage my chronic condition.
Medical,Looking for a first-aid kit for minor injuries.
Medical,Looking for a pharmacy to purchase pain relief medication.
Medical,Need a doctor's appointment for a health checkup.
Medical,Running low on prescription medication for a chronic condition.
Medical,Seeking medical advice for a persistent cough and cold.
Medical,Urgently require medical assistance for a sudden illness.
Medical,Out of allergy medication need it to manage allergies.
Medical,In need of over-the-counter cold and flu remedies.
Medical,Seeking a dentist for a toothache pain is unbearable.
Medical,Require medical supplies for wound dressing.
Medical,Looking for a blood donation center to donate blood.
Medical,It's your responsibility to provide medication for my severe headache.
Medical,Must give me a refill of my prescription medication urgently.
Medical,Important Need pain relief medication immediately for a recent injury.
Medical,Necessary Looking for antibiotics to treat a severe infection.
Medical,Urgently necessary Provide insulin for diabetes management.
Medical,Can't wait Seeking allergy medication for a sudden allergic reaction.
Medical,Life-saving: Need antipyretics for high fever immediately.
Medical,Life-threatening Running low on heart medication provide a refill urgently.
Medical,Immediate help required Must provide medication for an asthma attack.
Medical,Can't wait any longer Seeking over-the-counter cough syrup for a persistent cough.
Medical,The government has to provide medication for my severe headache.
Medical,I have given you my vote to help now I need urgent pain relief medication.
Medical,It's a big necessity Must provide pain relief medication immediately.
Medical,Please provide medication otherwise I can die from a recent injury.
Medical,Can't wait any longer Running out of prescription medication must give a refill.
Medical,Urgent request Looking for antibiotics to treat a severe infection.
Medical,Immediate need The government must provide insulin for diabetes management.
Medical,Necessary for survival Seeking allergy medication for a sudden allergic reaction.
Medical,Life at stake Must provide antipyretics for high fever urgently.
Medical,Life-threatening Running low on heart medication please provide a refill.
Medical,The government needs to take action and provide immediate medication for flood survivors.
Medical,It's an urgent matter I've voted for assistance now I need pain relief medication for flood victims.
Medical,Essential Must provide pain relief medication right away for flood-related injuries.
Medical,Please ensure medication supply lives are at risk due to the flood disaster.
Medical,Running out of prescription medication during the flood must provide a refill urgently.
Medical,Urgently needed Looking for antibiotics to combat infections caused by the flood.
Medical,Critical need The government must provide insulin for diabetes management during the flood crisis.
Medical,Time-sensitive Seeking allergy medication for flood survivors experiencing allergic reactions.
Medical,Immediate intervention needed Must provide antipyretics for high fever during the flood emergency.
Medical,Life-saving action required Running low on heart medication provide a refill for flood victims.
Medical,We are facing a cyclone and we need medical supplies immediately.
Medical,Hurricanes have hit our area we need medical supplies urgently.
Medical,We are facing a cyclone and we urgently require medical assistance.
Medical,Hurricanes have caused injuries we need medical supplies to treat the wounded.
Medical,We need medical assistance as our area is affected by hail storms.
Medical,We need medical supplies urgently due to the impact of heat waves.
Medical,We are facing a cyclone and we urgently require medical assistance.
Medical,Hurricanes have caused injuries we need medical supplies to treat the wounded.
Medical,We need medical assistance as our area is affected by cloudbursts.
Medical,We are facing a cyclone and we urgently require medical assistance.
Medical,Hurricanes have caused injuries we need medical supplies to treat the wounded.
Medical,We need medical assistance as our area is affected by floods.
Medical,We are facing a cyclone and we urgently require medical assistance.
Medical,Hurricanes have caused injuries we need medical supplies to treat the wounded.
Medical,We need medical assistance as our area is affected by cloudbursts.
Medical,We are facing a cyclone and we urgently require medical assistance.
Shelter,Currently homeless and in desperate need of shelter.
Shelter,Facing homelessness and need a safe place to stay.
Shelter,Seeking shelter for myself and my family no place to live.
Shelter,Lost my housing and need temporary shelter urgently.
Shelter,Need emergency housing due to a sudden change in circumstances.
Shelter,Homeless and seeking assistance for a place to sleep.
Shelter,Without a home and exposed to the elements need shelter.
Shelter,Looking for a shelter to protect against the cold and rain.
Shelter,No permanent residence and urgently need housing support.
Shelter,Currently homeless urgently need shelter for the night.
Shelter,Facing homelessness and need a safe place to stay.
Shelter,Seeking shelter for my family no place to live.
Shelter,Lost my housing and need temporary shelter urgently.
Shelter,Need emergency housing due to sudden circumstances.
Shelter,Homeless and seeking assistance for a place to sleep.
Shelter,Exposed to the elements urgently need shelter.
Shelter,Looking for a shelter to escape the cold and rain.
Shelter,No permanent residence urgently need housing support.
Shelter,Facing eviction due to financial difficulties need housing.
Shelter,Urgently require temporary shelter due to a house fire.
Shelter,Seeking assistance to pay rent and avoid eviction.
Shelter,Looking for a homeless shelter for the night.
Shelter,Out of town and need a place to stay for the weekend.
Shelter,Need emergency housing due to a natural disaster.
Shelter,Homeless and in need of warm blankets and sleeping bags.
Shelter,Looking for a women's shelter to escape domestic violence.
Shelter,Desperately seeking shelter for my family in winter.
Shelter,It's your responsibility to ensure shelter for those in need.
Shelter,Must give shelter currently homeless and in desperate need.
Shelter,This is important Facing homelessness and need a safe place to stay.
Shelter,Necessary Provide shelter for my family no place to live.
Shelter,Urgent Lost my housing need temporary shelter urgently.
Shelter,Immediate assistance required Need emergency housing due to a sudden change.
Shelter,Can't bear the cold Homeless and seeking assistance for a place to sleep.
Shelter,Life on the streets Without a home urgently need shelter.
Shelter,Life-threatening Looking for a shelter to protect against the cold and rain.
Shelter,In danger No permanent residence must provide housing support.
Shelter,The government has to provide shelter for those in need.
Shelter,I have given you my vote to help now I need a safe place to stay urgently.
Shelter,It's a big necessity Must give shelter facing homelessness.
Shelter,Please provide shelter otherwise I can die without a roof over my head.
Shelter,Can't wait any longer Lost my housing need temporary shelter urgently.
Shelter,Urgent request Need emergency housing due to a sudden change.
Shelter,Immediate need Homeless and seeking assistance for a place to sleep.
Shelter,Necessary for survival Without a home please provide shelter.
Shelter,Life at stake Must provide shelter to protect against the cold and rain urgently.
Shelter,The government must provide shelter without delay for flood survivors.
Shelter,I've entrusted my vote for assistance now I need a safe place to stay urgently for flood victims.
Shelter,High priority Must give shelter flood survivors are grappling with homelessness due to the disaster.
Shelter,Please respond quickly without shelter flood victims face exposure to harsh elements and danger.
Shelter,Displaced due to the flood need temporary shelter urgently to protect against the crisis.
Shelter,Urgent call for help Flood victims need emergency housing due to the sudden disaster.
Shelter,Immediate requirement Homeless flood victims seek assistance for a place to sleep during the crisis.
Shelter,Essential for survival Without a home during the flood please provide shelter for affected communities.
Shelter,My home got damaged by a cloudburst and I need shelter please provide assistance.
Shelter,Our home was damaged by cold waves we need shelter to stay warm.
Shelter,We need help as our home got damaged by a cloudburst and shelter is a priority.
Shelter,Heat waves are scorching our region we need shelter from the extreme heat.
Shelter,Our area is affected by cloudbursts we urgently need shelter assistance.
Shelter,Cold waves have damaged our homes we need shelter urgently.
Shelter,Our homes are damaged by floods we urgently need shelter assistance.
Shelter,Heat waves are scorching our region we need shelter from the extreme heat.
Shelter,Cold waves have damaged our homes we need shelter urgently.
Shelter,Floods have damaged our homes we urgently need shelter assistance.
Shelter,Heat waves are scorching our region we need shelter from the extreme heat.
Shelter,Cold waves have damaged our homes we need shelter urgently.
Shelter,Cloudbursts have damaged our homes we urgently need shelter assistance.
Shelter,Heat waves are scorching our region we need shelter from the extreme heat.
Shelter,Cold waves have damaged our homes we need shelter urgently.
Shelter,Floods have damaged our homes we urgently need shelter assistance.
Shelter,Heat waves are scorching our region we need shelter from the extreme heat.
Water,Feeling extremely thirsty and need a drink.
Water,Seeking clean drinking water as I'm running out.
Water,Thirsty and looking for water to quench my thirst.
Water,No access to potable water urgently need something to drink.
Water,Urgently need water to stay hydrated.
Water,Running low on drinking water need a refill.
Water,In a parched condition and desperately need water.
Water,Need water to cool down on a hot day.
Water,Feeling lightheaded due to dehydration need water.
Water,Feeling extremely thirsty need clean drinking water.
Water,Running out of drinking water need a refill.
Water,Thirsty and looking for water to quench my thirst.
Water,No access to potable water urgently need hydration.
Water,Urgently need water to stay hydrated in this heat.
Water,Running low on drinking water need a refill.
Water,In a parched condition desperately need water.
Water,Need water to cool down on a scorching hot day.
Water,Feeling lightheaded due to dehydration need water.
Water,Running out of bottled water need to stay hydrated.
Water,In need of water purification tablets for safe drinking water.
Water,Seeking assistance to repair a broken water pump.
Water,Looking for a water delivery service for clean drinking water.
Water,Require a water tank refill for household use.
Water,Out of water bottles for my kids need it for school.
Water,Seeking water filters for improved water quality.
Water,Desperately need clean water for cooking and drinking.
Water,Looking for a plumber to fix a water leak at home.
Water,It's your responsibility to ensure access to clean drinking water.
Water,Must give clean drinking water urgently running out.
Water,This is important Thirsty and looking for water to quench my thirst.
Water,Necessary No access to potable water urgently need something to drink.
Water,Urgent Provide water to stay hydrated it's life-saving.
Water,Immediate assistance required Running low on drinking water need a refill.
Water,Can't endure thirst In a parched condition desperately need water.
Water,Life in jeopardy Need water to cool down on a hot day.
Water,Can't survive without water Feeling lightheaded due to dehydration must provide water.
Water,The government has to provide access to clean drinking water.
Water,I have given you my vote to help now I need clean drinking water urgently.
Water,It's a big necessity Must give clean drinking water feeling extremely thirsty.
Water,Please provide clean water otherwise I can die from dehydration.
Water,Can't wait any longer Running out of bottled water must provide hydration.
Water,Urgent request Thirsty and looking for water to quench my thirst.
Water,Immediate need Must provide water to stay hydrated it's life-saving.
Water,Necessary for survival Running low on drinking water please provide a refill.
Water,Life at stake In a parched condition desperately need water urgently.
Water,The government's immediate responsibility is to provide access to clean drinking water for flood survivors.
Water,I've placed my trust in your leadership now I need clean drinking water urgently for flood victims.
Water,Crucial need Must provide clean drinking water flood victims are enduring extreme thirst.
Water,Urgent request for action Please provide clean water dehydration poses a grave threat during the crisis.
Water,Depleted bottled water supply during the flood must provide hydration immediately.
Water,Immediate plea Thirsty flood victims search for water to quench their thirst during the crisis.
Water,Critical situation Must provide water for flood survivors to stay hydrated it's a life-saving necessity.
Water,Time-sensitive Running low on drinking water please provide a refill for flood-affected communities.
Water,Life-preserving measure In a parched condition due to the flood flood victims need water urgently.
Water,This is a flood issue here and please help me provide clean drinking water.
Water,Heat waves have struck us and we urgently need clean drinking water.
Water,Please provide clean drinking water our area is affected by floods.
Water,Our home was damaged by cold waves we need access to clean drinking water.
Water,Please provide clean drinking water we are facing a cyclone.
Water,Our region is facing a drought and clean drinking water is scarce; please help.
Water,Please provide clean drinking water our area is affected by cold waves.
Water,Our homes were damaged by hail storms please provide clean drinking water.
Water,Our region is facing a drought and clean drinking water is scarce; please help.
Water,Please provide clean drinking water our area is affected by hail storms.
Water,Our homes were damaged by hail storms please provide clean drinking water.
Water,Our region is facing a drought and clean drinking water is scarce; please help.
Water,Please provide clean drinking water our area is affected by cyclones.
Water,Our homes were damaged by hail storms please provide clean drinking water.
Water,Our region is facing a drought and clean drinking water is scarce; please help.
Water,Please provide clean drinking water our area is affected by hail storms.
Water,Our homes were damaged by hail storms please provide clean drinking water.